svm,mlp
3.9498895853138656,
0.045151858868249156,
,128.0
,64.0
,16.0
,0.0006945105314397745
