svm_C,svm_gamma,mlp_h1,mlp_h2,mlp_lr
0.4533516139515376,0.01,64,16,0.003498227300675483
