AUC,ACC,SEN,SPE,IBS,Cindex
0.870211675089724,0.782051282051282,0.7657657657657657,0.7727272727272727,0.42790340223342876,0.7400487408610885
