ACC,AUC,Sensitivity,Specificity,C-index,IBS
0.8290598290598291,0.9190225728687267,0.7692307692307627,0.8888888888888813,0.7350643529487098,0.5127008407628331
